Year,Position,Team Name,Bed Number,Category,Time (Minutes),Time (Seconds)
2003,1,HARROGATE HARRIERS,None,None,14,2
2003,2,SQUASHED BALLS,None,None,15,11
2003,3,CRAG RATS,None,None,15,47
2003,4,GUARDIAN ALARMS,None,None,15,47
2003,5,NIDD VALLEY RACERS,None,None,15,48
2003,6,SQUASHED HEARTS,None,None,16,18
2003,7,NIPPERS BALD ROOM DANCERS,None,None,16,30
2003,8,ABBSON ATHLETIC,None,None,16,35
2003,9,FOREST SCHOOL FLYERS,None,None,16,35
2003,10,PICCADILLY MEN,None,None,16,47
2003,11,SHAMROCK VET. CLINIC,None,None,16,50
2003,12,LOCK STOCK & SIX FLOATING BARRELS,None,None,16,55
2003,13,DALESIDE BREWERY PUSHERS,None,None,17,33
2003,14,WACKY RACERS,None,None,17,40
2003,15,MARKET MARAUDERS,None,None,17,42
2003,16,RACING PAWS (POSH PAWS),None,None,17,46
2003,17,THE BOX,None,None,17,49
2003,18,HAIR BEAR BUNCH,None,None,17,54
2003,19,DIESELS COOL RUNNINGS,None,None,18,2
2003,20,MOTHER SHIPTON INN,None,None,18,39
2003,21,MOORES FURNITURE GROUP,None,None,18,52
2003,22,HOSPITAL RUNNING CREW,None,None,18,59
2003,23,STAUNCH.COM,None,None,19,7
2003,24,DUKES OF HAZZARD,None,None,19,11
2003,25,THE WELLY WHEELERS,None,None,19,16
2003,26,KRUFC (1),None,None,19,20
2003,27,MISS KELLY'S HEROES,None,None,19,33
2003,28,NIPPERS FIXIN'VIXENS,None,None,19,45
2003,29,MHS CONTRACTORS,None,None,19,49
2003,30,MENWITH HILL RUGGERS,None,None,19,51
2003,31,FUZZY DUCKS,None,None,20,3
2003,32,MACK'S POWER,None,None,20,34
2003,33,YORKSHIRE DALES CARAVAN CLUB,None,None,20,37
2003,34,MEDWAY DRUNKEN SAILORS,None,None,20,39
2003,35,ST MARYS GOLDEN GIRLS,None,None,20,47
2003,36,ASPIN ANGELS,None,None,21,20
2003,37,ASPIN DEVILS,None,None,22,5
2003,38,BAYWATCH BABES,None,None,24,7
2003,39,THE CASTLE CRUISERS,None,None,24,19
2003,40,NIPPERS BAD GIRLS,None,None,25,0
2003,41,SIX PACK AND SOME NUTS,None,None,25,48
2003,42,ST JOHNS YOUTH ONE,None,None,26,28
2003,43,DUKES OF HAZARD LL,None,None,26,58
2003,44,ST JOHNS YOUTH TWO,None,None,27,36
2003,45,KIDS AT HEART,None,None,30,34
2003,46,FARNDALE FILLIES,None,None,30,36
2004,1,HARROGATE HARRIERS,None,None,13,57
2004,2,SQUASHED BALLS,None,None,14,18
2004,3,GUARDIAN ALARMS,None,None,15,44
2004,4,ABBSON STAINLESS,None,None,15,45
2004,5,CELTIC WARRIORS,None,None,16,10
2004,6,LOCK STOCK AND SIX FLOATING BARRELS,None,None,16,13
2004,7,WACKY RACERS,None,None,16,19
2004,8,SQUASHED HEARTS,None,None,16,22
2004,9,SHAMROCK VETS,None,None,16,22
2004,10,THE FELLOWSHIP,None,None,16,23
2004,11,NIDD VALLEY RACERS,None,None,16,30
2004,12,WILLY'S WONKAS,None,None,16,38
2004,13,DALESIDE BREWERY,None,None,16,38
2004,14,THE BOYZ,None,None,16,39
2004,15,BEBRA BEAVERS,None,None,16,54
2004,16,LINK INTERCHANGE,None,None,16,55
2004,17,PICCADILLY MOTORS LTD,None,None,17,0
2004,18,KNARESBOROUGH CHURCHES TOGETHER,None,None,17,12
2004,19,HARROGATE BOXING CLUB,None,None,17,13
2004,20,CHRIS JONES TAE-KWON-DO SCHOOL,None,None,17,16
2004,21,MENWITH HILL RUGGERS,None,None,17,48
2004,22,KRUFC NO.1,None,None,17,53
2004,23,HAIR BEAR BUNCH,None,None,17,54
2004,24,MUCKS SHIFTERS,None,None,18,6
2004,25,YOUNG ONES,None,None,18,15
2004,26,MOORES FURNITURE GROUP,None,None,18,27
2004,27,THE WELLY WHEELERS,None,None,18,32
2004,28,WHITE ROSE CUTTING FORMS,None,None,18,33
2004,29,ST MARYS GOLDEN GIRLS,None,None,18,38
2004,30,THE NERO EXPRESS,None,None,18,45
2004,31,YORKSHIRE DALES CARAVAN CLUB,None,None,18,54
2004,32,NIDD VALLEY LADIES,None,None,19,5
2004,33,MOTHER SHIPTON INN,None,None,19,15
2004,34,THE UGLY DUCKLINGS,None,None,19,24
2004,35,MHS CONTRACTORS,None,None,19,33
2004,36,CANDLELIGHTERS ALLSTARS,None,None,19,51
2004,37,MACKS POWER 11,None,None,20,18
2004,38,BONE SHAKERS,None,None,20,57
2004,39,ASPIN ANGELS,None,None,22,27
2004,40,RAILWAY SLEEPERS,None,None,22,41
2004,41,CASTLE CRUISERS,None,None,22,57
2004,42,THE HART,None,None,23,40
2004,43,THE EUROPCAR EXPRESS,None,None,25,2
2004,44,BETTYS BED-ROCKING BABES,None,None,25,15
2004,45,THE PINK PUMAS,None,None,25,33
2004,46,DALES UNIT DASHERS,None,None,27,6
2004,47,ASPIN DEVILS,None,None,27,36
2004,48,THE LAZYBIRDS,None,None,30,39
2005,1,Harrogate Harriers,None,None,14,5
2005,2,Bebra Powermen,None,None,14,54
2005,3,Nidd Valley Racers,None,None,15,17
2005,4,Guardian Alarms,None,None,15,31
2005,5,Celtic Warriors,None,None,15,36
2005,6,Colors,None,None,15,44
2005,7,Squashed Hearts,None,None,16,7
2005,8,Link Interchange,None,None,16,14
2005,9,Shamrock Vet. Clinic,None,None,16,16
2005,10,Nippers - Boys,None,None,16,42
2005,11,Tax Dodgers,None,None,16,49
2005,12,Piccadilly Men,None,None,17,11
2005,13,Young Life,None,None,17,13
2005,14,Bebra Beavers,None,None,17,16
2005,14,Young Ones,None,None,17,16
2005,15,BEKS Boys,None,None,17,36
2005,16,Daleside Brewery,None,None,17,37
2005,17,Piccadilly Plodders,None,None,18,8
2005,17,The Beefcakes,None,None,18,8
2005,18,Hair Bear Bunch,None,None,18,10
2005,19,Meadowside Malingerers,None,None,18,25
2005,20,SBU Ltd ( male team ),None,None,18,30
2005,21,The Nifty Six,None,None,18,56
2005,22,St Marys Golden Girls,None,None,19,7
2005,23,Ripon Divers,None,None,19,14
2005,24,Welly Wheelers,None,None,19,17
2005,25,The Academy,None,None,19,21
2005,26,Nidd Valley Ladies,None,None,19,28
2005,27,Nippers- Girls,None,None,20,18
2005,27,Piccadilly Ladies,None,None,20,18
2005,28,Aspin Angels,None,None,20,41
2005,29,Rudding Park,None,None,20,48
2005,30,Moores Furniture Group Ltd,None,None,20,50
2005,31,The Stella Tops,None,None,20,56
2005,32,Knaresborough Rugby Club,None,None,21,9
2005,33,Navy at MHS,None,None,21,40
2005,34,Scotton Garage,None,None,21,44
2005,35,Castle Cruisers,None,None,21,54
2005,36,Hewden,None,None,21,58
2005,37,The Doug Haigh Appreciation Society,None,None,22,0
2005,38,Bebra Ladies,None,None,22,26
2005,39,The Hairy Ladies,None,None,23,12
2005,40,Aspin Devils,None,None,23,13
2005,41,SBU ( ladies team ),None,None,23,16
2005,42,Feathered Fancies,None,None,23,42
2005,43,Meadowside Maidens,None,None,24,28
2005,44,Knaresborough Churches Together,None,None,24,57
2005,45,Six Pack with Nuts,None,None,25,17
2005,46,Pink Pumas,None,None,25,18
2005,47,The Travelling Ladies,None,None,25,30
2005,48,Kids at Heart,None,None,25,53
2005,49,Melmerby Youth Club,None,None,26,50
2005,50,Knaresborough Celtic Ladies,None,None,27,33
2005,51,Suck It Up,None,None,32,1
2006,1,Harrogate Harriers,None,None,14,5
2006,2,Nidd Valley Racers,None,None,15,18
2006,3,Young Life,None,None,15,51
2006,4,Shamrock Vet Clinic,None,None,15,53
2006,5,Piccadilly Men,None,None,15,55
2006,6,Guardian Alarms,None,None,16,17
2006,7,Link Running Club,None,None,16,21
2006,8,Squashed Hearts,None,None,16,46
2006,9,Young Ones,None,None,17,1
2006,10,Nippers - Boys,None,None,17,3
2006,11,Purple Circle,None,None,17,41
2006,12,The Beefcakes,None,None,18,2
2006,13,The Academy Group,None,None,18,3
2006,14,Meadowside Milingerers,None,None,18,24
2006,15,Piccadilly Plodders,None,None,18,34
2006,16,Team Gmund,None,None,18,41
2006,17,Bebra Beavers,None,None,18,44
2006,18,Hewden,None,None,18,49
2006,19,Nippers - Girls,None,None,18,56
2006,20,St. Mary's Golden Girls,None,None,18,56
2006,21,Daleside Brewery,None,None,19,10
2006,22,Hair Bear Bunch,None,None,19,23
2006,23,Welly Wheelers,None,None,19,25
2006,24,Leathernecks,None,None,19,47
2006,25,Nidd Valley Ladies,None,None,19,56
2006,26,Piccadilly Fillies,None,None,20,24
2006,27,Scotton Garage,None,None,20,42
2006,28,Spoonful of Sugar,None,None,20,49
2006,29,Northern Boys,None,None,21,12
2006,30,ORB Crew,None,None,21,13
2006,31,Scotton Scorchers,None,None,21,30
2006,32,MHS Contractors,None,None,21,32
2006,33,Navy Menwith,None,None,21,42
2006,34,Jet2 Jesters,None,None,21,46
2006,35,Knaresborough Churches Together,None,None,21,46
2006,36,Dive Bureau,None,None,21,50
2006,37,Aspin Angels,None,None,22,31
2006,38,Aaron's Gals,None,None,23,21
2006,39,Nuns on the Run,None,None,23,28
2006,40,Castle Cruisers,None,None,23,37
2006,41,Trinity Bed Club,None,None,23,52
2006,42,Bernadette's Heroes,None,None,24,58
2006,43,Cancer Research UK,None,None,25,17
2006,44,The Brownie Bunch,None,None,25,39
2006,45,Aspin Devils,None,None,25,45
2006,46,Meadowside Maidens,None,None,27,46
2006,47,The Pink Ladies,None,None,28,28
2006,48,The Monkey Butlers,None,None,32,25
2007,1,Harrogate Harriers,None,None,13,45
2007,2,Guardian Alarms,None,None,15,17
2007,3,Piccadilly Men,None,None,15,18
2007,4,Shamrock Vet Clinic,None,None,15,31
2007,5,The Harrogateers,None,None,15,50
2007,6,Wetherby Runners,None,None,16,1
2007,7,M.C.C.,None,None,16,38
2007,8,Nippers Men - Killer Queens,None,None,16,42
2007,9,Young Life,None,None,16,54
2007,10,Squashed Hearts,None,None,17,6
2007,11,The Academy Group,None,None,17,6
2007,12,The Young Ones,None,None,17,7
2007,13,Knaresborough Rugby Club,None,None,17,16
2007,14,Daleside Brewery,None,None,17,34
2007,15,Lock Stock & 6 Floating Barrels,None,None,17,38
2007,16,Team Gmund,None,None,17,46
2007,17,Scotton Scorchers J F C,None,None,17,48
2007,18,The Dive Bureau,None,None,17,52
2007,19,Knaresborough Celtic Under 15s,None,None,17,52
2007,20,Scotton Garage,None,None,17,54
2007,21,Castle Dentists,None,None,17,57
2007,22,Meadowside Malingerers,None,None,18,26
2007,23,Mel's Marauders,None,None,18,34
2007,24,St Mary's Golden Girls,None,None,18,37
2007,25,Piccadilly Plodders,None,None,18,38
2007,26,Weeton Pirates,None,None,18,43
2007,27,Ripon Runners Girls,None,None,18,51
2007,28,The Beefcakes,None,None,18,55
2007,29,Hewden Hire Centre,None,None,19,4
2007,30,The Orb Crew,None,None,19,9
2007,31,Friedrichroda,None,None,19,12
2007,32,The Welly Wheelers,None,None,19,22
2007,33,Hair Bear Bunch,None,None,19,29
2007,34,Ripley Racers,None,None,19,30
2007,35,JET2 Jesters,None,None,19,34
2007,36,The Northern Boys,None,None,19,35
2007,37,Oatlands Infant School,None,None,19,50
2007,38,Tarzans and Jane,None,None,20,24
2007,39,Piccadilly Fillies,None,None,20,38
2007,40,Shake ‘n’ Bake,None,None,20,44
2007,41,US Navy at Menwith Hill,None,None,21,3
2007,42,Knaresborough Churches Together,None,None,21,13
2007,43,Time Together,None,None,21,30
2007,44,Bed Busters,None,None,21,46
2007,45,Thee Fairytails,None,None,21,56
2007,46,The Bobby Dazzlers,None,None,22,10
2007,47,2nd Knaresborough Rainbows,None,None,22,15
2007,48,Aspin Angels,None,None,22,21
2007,49,The Coma-toes Cuties,None,None,22,30
2007,50,The Nuns on the Run,None,None,22,30
2007,51,United Co-op,None,None,22,56
2007,52,The Dive Bureau Ladies,None,None,23,32
2007,53,Little Saints Strollers,None,None,23,57
2007,54,Askham Bryan Boys,None,None,24,28
2007,55,Melmerby Monsters Youth Club,None,None,25,3
2007,56,SBU Ltd,None,None,25,16
2007,57,Meadowside Maidens,None,None,25,24
2007,58,Nippers Staff,None,None,25,32
2007,59,McQueen’s Cafe,None,None,25,40
2007,60,Aspin Devils,None,None,26,6
2007,61,Killer Rhinos,None,None,26,14
2007,63,Askham Bryan Girls,None,None,None,None
2008,1,Ripon Runners Boys,None,None,14,15
2008,2,Harrogate Harriers,None,None,14,23
2008,3,Guardian Alarms,None,None,15,5
2008,4,Shamrock Vets,None,None,15,14
2008,5,Piccadilly Men,None,None,15,15
2008,6,Planet Steel,None,None,15,28
2008,7,Wetherby Runners,None,None,16,0
2008,8,HPL Flyers,None,None,16,0
2008,9,M.C.C.,None,None,16,13
2008,10,Scotton Garage,None,None,16,23
2008,11,The Young Ones,None,None,16,38
2008,12,Knaresborough Celtic Under 16s,None,None,17,10
2008,13,Harrogate Young Life,None,None,17,20
2008,14,The Dive Bureau,None,None,17,26
2008,15,Bebra Beavers,None,None,17,32
2008,16,Nippers Men,None,None,17,58
2008,17,Cardio Racers,None,None,18,0
2008,18,Weeton Pirates,None,None,18,1
2008,19,Team Gmund,None,None,18,7
2008,20,Argos Emperors,None,None,18,8
2008,21,The Marmoteers,None,None,18,20
2008,22,Oatlands Infant School Ladies,None,None,18,24
2008,23,Ripon Runners Girls,None,None,18,25
2008,24,St Mary's Golden Girls,None,None,18,26
2008,25,Speedy hire,None,None,18,30
2008,26,Oatlands Infant School Mens,None,None,18,43
2008,27,Piccadilly Plodders,None,None,18,49
2008,28,The Welly Wheelers,None,None,18,51
2008,29,Not Simon Wheeler,None,None,18,51
2008,30,Wetherby Runners Ladies,None,None,18,52
2008,31,The Old Geezers,None,None,18,52
2008,32,The Splitty A's,None,None,18,52
2008,33,Gillette Fusion North,None,None,18,54
2008,34,Bobby Dazzlers,None,None,19,8
2008,35,JET2 Jesters,None,None,19,18
2008,36,The Hair Bear Bunch,None,None,19,22
2008,37,Leeds City Council ICT Services,None,None,19,55
2008,38,Gillette Fusion South,None,None,20,16
2008,39,Welly Wheelettes,None,None,20,21
2008,40,Old Friends of Bebra,None,None,20,36
2008,41,2nd Knaresborough Rainbows,None,None,20,39
2008,42,Sharks (Rekiny),None,None,20,43
2008,43,The Cooperative,None,None,20,51
2008,44,Piccadilly Fillies,None,None,21,31
2008,45,Pulse Racers,None,None,21,49
2008,46,Lock Stock & 6 Floating Girls,None,None,22,5
2008,47,Daleside Brewery,None,None,22,9
2008,48,Market Town Taverns,None,None,22,16
2008,49,Meadowside Maidens,None,None,22,51
2008,50,High Speed Bed Caper,None,None,22,52
2008,51,St John's Jewels (Castle Cruisers),None,None,22,56
2008,52,Scotton Scorchers,None,None,23,19
2008,53,Aspin Devils,None,None,23,32
2008,54,Team Red Beer,None,None,23,41
2008,55,Nippers Staff Team,None,None,23,42
2008,56,Nuns on The Run,None,None,23,47
2008,57,Vodka Chasers,None,None,23,47
2008,58,Little Saints Strollers,None,None,24,4
2008,59,St Michaels,None,None,24,30
2008,60,Skylarks,None,None,24,30
2008,61,Churches Together Ladies,None,None,24,46
2008,62,North Eastern Autocare,None,None,25,25
2008,63,Rainbow Frizzels,None,None,25,25
2008,64,Cinnamon Crew,None,None,25,57
2008,65,Your Trump.co.uk,None,None,26,13
2008,66,Starbeck Mission,None,None,28,18
2008,67,Dayner's Dollies,None,None,33,29
2009,1,Harrogate Harriers,None,None,12,59
2009,2,Ripon Runners Boys,None,None,13,18
2009,3,Guardian Alarms,None,None,14,4
2009,4,Planet Steel,None,None,14,8
2009,5,Piccadilly Men,None,None,14,17
2009,6,Harrogate Young Life,None,None,14,48
2009,7,Shamrock Vets,None,None,14,52
2009,8,Nidd Valley Runners,None,None,15,3
2009,9,HPL Flyers,None,None,15,6
2009,10,Harrogate Racers,None,None,15,13
2009,11,The Dive Crew,None,None,15,20
2009,12,The Academy,None,None,15,29
2009,13,The Young Ones,None,None,15,33
2009,14,The Marmoteers,None,None,15,36
2009,15,M.C.C.,None,None,15,40
2009,16,Wetherby Runners AC,None,None,15,45
2009,17,T&G Dream Team,None,None,15,50
2009,18,Meadowside Malingerers,None,None,15,54
2009,19,Bebra Beavers,None,None,15,56
2009,20,Knareborough Celtic Under 17s,None,None,16,2
2009,21,Tockwith Titans,None,None,16,9
2009,22,Lock Stock & Six Floating Barrels,None,None,16,28
2009,23,The Rocket Men,None,None,16,35
2009,24,Scotton Scorchers,None,None,16,50
2009,25,Cardio Racers,None,None,16,50
2009,26,Daleside Brewery,None,None,16,51
2009,27,Gillette Fusion North,None,None,16,58
2009,28,Sharks (Rekiny),None,None,16,58
2009,29,Wilkos Warriors,None,None,17,0
2009,30,Hair Bear Bunch,None,None,17,2
2009,31,Oatlands Infant School Mens,None,None,17,4
2009,32,Bobby Dazzlers,None,None,17,8
2009,33,Stewarts Tartan Army,None,None,17,8
2009,34,Nippers Men,None,None,17,11
2009,35,Ripley Racers,None,None,17,13
2009,36,Team Gmund,None,None,17,20
2009,37,Weeton Pirates,None,None,17,24
2009,38,Nidd Valley Ladies,None,None,17,28
2009,39,The Welly Wheelers,None,None,17,37
2009,40,Piccadilly Plodders,None,None,17,38
2009,41,St Mary's Golden Girls,None,None,17,39
2009,42,St John's Juggernauts,None,None,17,45
2009,43,1st Scriven Scouts,None,None,17,53
2009,44,Ripon Runners Girls,None,None,17,54
2009,45,JET2 Jesters,None,None,18,8
2009,46,Harrogate Audi,None,None,18,29
2009,47,2nd Knaresborough Rainbows,None,None,18,42
2009,48,Broker Network Bounders,None,None,18,52
2009,49,The Younger Ones,None,None,18,57
2009,50,North Eastern Autocare,None,None,19,2
2009,51,Wetherby Runners Ladies AC,None,None,19,7
2009,52,Welly Wheelettes,None,None,19,9
2009,53,Oatlands Infant School Ladies,None,None,19,23
2009,54,The Charvers,None,None,19,47
2009,55,Green-Tech Gladiators,None,None,19,54
2009,56,The Cooperative,None,None,19,57
2009,57,Piccadilly Fillies,None,None,20,8
2009,58,The HACS idents,None,None,20,11
2009,59,St John's Jewels,None,None,20,18
2009,60,Skylarks,None,None,20,24
2009,61,Pulse Racers,None,None,20,30
2009,62,Nidd Valley Girls,None,None,20,31
2009,63,Turners Tearaways,None,None,20,34
2009,64,Gillette Fusion South,None,None,20,41
2009,65,Lido Loonies,None,None,21,17
2009,66,Aspin Angels,None,None,21,19
2009,67,Churches Together Ladies,None,None,21,20
2009,68,St Michaels Hospice,None,None,21,34
2009,69,High Speed Bed Caper,None,None,21,37
2009,70,U.S.Navy,None,None,21,43
2009,71,Nuns on the Run,None,None,21,57
2009,72,Harrogate Young Life Junior,None,None,21,59
2009,73,Scrumi Mummis,None,None,22,8
2009,74,SBU,None,None,22,9
2009,75,Meadowside Maidens,None,None,22,11
2009,76,Aspin Devils,None,None,22,40
2009,77,Nippers Staff,None,None,23,8
2009,78,Foxettes,None,None,23,20
2009,79,Damsels in this dress,None,None,23,35
2009,80,Lexis Midnight Runners,None,None,23,52
2009,81,Rainbow Frizzles,None,None,23,53
2009,82,Ripon Mean Machine,None,None,23,57
2009,83,7 jolly doughnuts,None,None,24,7
2009,84,Team Red Beer,None,None,24,37
2009,85,The Bed Rockers,None,None,26,1
2009,86,Turkish Delights,None,None,27,1
2010,1,Ripon Runners for HPL,None,None,13,56
2010,2,Harrogate Harriers,None,None,14,9
2010,3,Planet Steel,None,None,14,34
2010,4,Guardian Alarms,None,None,15,9
2010,5,Shamrock Vet Clinic,None,None,15,12
2010,6,Harrogate Racers,None,None,15,35
2010,7,Magnificent Seven,None,None,15,44
2010,8,Nidd Valley Men,None,None,15,46
2010,9,Bebra Beavers,None,None,15,48
2010,10,The Lickley Lads,None,None,15,51
2010,11,The Academy Group,None,None,15,55
2010,12,HPL Flyers,None,None,16,8
2010,13,Globe Street Trotters,None,None,16,15
2010,14,Meadowside Malingerers,None,None,16,33
2010,15,G H Brooks,None,None,16,36
2010,16,YourTrump.co.uk,None,None,16,37
2010,17,The Young Ones,None,None,16,38
2010,18,The Rocket Men,None,None,16,46
2010,19,Oatlands Infant School - Mens,None,None,16,46
2010,20,Weeton Pirates,None,None,17,2
2010,21,Scotton Scorchers,None,None,17,5
2010,22,Wetherby Runners,None,None,17,23
2010,23,Bobby Dazzlers,None,None,17,25
2010,24,Knaresborough Rugby Club,None,None,17,27
2010,25,Stewarts Tartan Army,None,None,17,28
2010,26,Daleside Brewery,None,None,17,37
2010,27,The Dive Crew,None,None,17,40
2010,28,Lock Stock & Six Floating Barrels,None,None,17,42
2010,29,Nippers Men Killer Queens,None,None,17,42
2010,30,St John's Juggernaughts,None,None,17,44
2010,31,The Welly Wheelers,None,None,17,47
2010,32,1st Scriven Scouts,None,None,17,50
2010,33,Cardio Racers,None,None,18,2
2010,34,Jet2 Jesters,None,None,18,3
2010,35,Ripon Runners Girls,None,None,18,11
2010,36,"""Go Commando""",None,None,18,18
2010,37,Piccadilly Plodders,None,None,18,27
2010,38,The HACS Trolly Dollies,None,None,18,29
2010,39,Green-Tech Gladiators,None,None,18,51
2010,40,St Mary's Golden Girls,None,None,18,52
2010,41,Hair Bear Bunch,None,None,18,55
2010,42,Piccadilly Men,None,None,19,0
2010,43,2nd Knaresborough Rainbows,None,None,19,3
2010,44,Wetherby Runners Ladies,None,None,19,3
2010,45,Gillette Fusion 2,None,None,19,15
2010,46,The Younger Ones,None,None,19,16
2010,47,Nidd United,None,None,19,27
2010,48,7 Peas In A Pod,None,None,19,28
2010,49,The Cooperative,None,None,19,32
2010,50,Oatlands Infant School Ladies,None,None,19,38
2010,51,Team Gmund,None,None,19,42
2010,52,Wetherby Bulldogs Under 15's,None,None,19,45
2010,53,The Charvers,None,None,19,55
2010,54,Stavely Community Primary School,None,None,19,55
2010,55,Knaresborough Silver Band,None,None,20,7
2010,56,Turner's Tearaways,None,None,20,13
2010,57,Lexy's Midnight Runners,None,None,20,16
2010,58,Churches Together,None,None,20,33
2010,59,Belzona Bed Boys,None,None,20,37
2010,60,Paperworks,None,None,20,39
2010,61,Welly Wheelettes,None,None,20,44
2010,62,St John's Jewels,None,None,20,53
2010,63,Pulse Racers,None,None,21,2
2010,64,Lido Loonies,None,None,21,5
2010,65,Nidd Valley Ladies,None,None,21,8
2010,66,Gillette Fusion 1,None,None,21,14
2010,67,St Michaels Hospice,None,None,21,18
2010,68,How Clean Is Your Bed?,None,None,21,20
2010,69,Harrogate Fire Station,None,None,21,34
2010,70,Young Life Junior,None,None,21,35
2010,71,Aspin Angels,None,None,22,16
2010,72,Tockwith Titans,None,None,22,29
2010,73,Piccadilly Fillies,None,None,22,32
2010,74,Scrummie Mummies,None,None,22,45
2010,75,Go Navy,None,None,23,8
2010,76,Broker Network Bounders,None,None,23,12
2010,77,High Speed Bed Caper,None,None,23,12
2010,78,The IT Crowd,None,None,23,46
2010,79,Henshaw's Ladies,None,None,23,47
2010,80,Meadowside Maidens,None,None,23,54
2010,81,Dolls On The Run,None,None,24,3
2010,82,Thistle Hill Childrens Day Nursery,None,None,24,11
2010,83,Team Red Beer,None,None,24,12
2010,84,Damsels in this dress,None,None,24,24
2010,85,SBU Ltd,None,None,24,30
2010,86,The Lab Rats,None,None,24,41
2010,87,Aspin Devils,None,None,25,15
2010,88,Yorvik Explorer Scouts,None,None,27,31
2010,89,Nuns on the Run,None,None,29,9
2010,90,Gateways Flyers,None,None,30,55
2011,1,Harrogate Harriers,None,None,14,24
2011,2,Ripon Runners for HPL,None,None,14,26
2011,3,Guardian Alarms,None,None,15,19
2011,4,Lickley Lads aka Harrogate Young Life,None,None,15,27
2011,5,G H Brooks,None,None,15,40
2011,6,Nidd Valley Men,None,None,15,42
2011,7,Shamrock Vet Clinic,None,None,15,44
2011,8,Magnificent Seven,None,None,15,49
2011,9,The Welly Wheelers,None,None,15,55
2011,10,HPL Flyers,None,None,15,56
2011,11,Globe Street Trotters,None,None,15,59
2011,12,The Turbo Turtles,None,None,16,1
2011,13,The Dive Crew,None,None,16,17
2011,14,Meadowside Malingerers,None,None,16,40
2011,15,Harrogate Racers for AD Group Holdings,None,None,16,42
2011,16,The Rocket Men,None,None,17,9
2011,17,Belzona Bullets,None,None,17,13
2011,18,Piccadilly Men,None,None,17,15
2011,19,The Design Academy,None,None,17,16
2011,20,Stewarts Tartan Army,None,None,17,18
2011,21,Hair Bear Bunch,None,None,17,19
2011,22,Castle Clinic,None,None,17,23
2011,23,"L,  Stock and Six Floating Barrelsock",None,None,17,35
2011,24,Cardio Racers,None,None,17,38
2011,25,The Younger Ones,None,None,17,41
2011,26,Ripon Runners Girls,None,None,17,47
2011,27,Piccadilly Plodders,None,None,17,53
2011,28,Harrogate Young Life Junior,None,None,17,54
2011,29,Weeton Pirates,None,None,18,7
2011,30,Bebra Oldies,None,None,18,8
2011,31,Nippers Men Killer Queens,None,None,18,14
2011,32,Proctor & Gamble Team 2,None,None,18,16
2011,33,Oatlands School – Men,None,None,18,18
2011,34,The HACS Historians,None,None,18,18
2011,35,Rugby Runners,None,None,18,23
2011,36,1st Knaresborough Scouts,None,None,18,25
2011,37,Scotton Scorchers,None,None,18,33
2011,38,Blind Jacks Explorer Scouts,None,None,18,36
2011,39,Proctor & Gamble Team 1,None,None,18,41
2011,40,Knaresborough Rugby Club,None,None,18,42
2011,41,7 Peas in a Pod,None,None,19,6
2011,42,Lido Loonies,None,None,19,9
2011,43,Nidd Valley Ladies,None,None,19,15
2011,44,Turner's Tearaways,None,None,19,19
2011,45,Paperworks / Harrogate Round Table,None,None,19,19
2011,46,Harrogate Audi,None,None,19,28
2011,47,Bobby Dazzlers,None,None,19,34
2011,48,Churches Together in Knaresborough Bed 2,None,None,19,38
2011,49,Oatlands Ladies,None,None,19,42
2011,50,Iceni Magni,None,None,19,46
2011,51,Wetherby Runners – Ladies,None,None,20,1
2011,52,The Charvers,None,None,20,1
2011,53,The Bed Hot Chili Peppers,None,None,20,8
2011,54,Simon Graeme Auto Service Centre,None,None,20,15
2011,55,Welly Wheelettes,None,None,20,16
2011,56,Harrogate Fire Station,None,None,20,18
2011,57,Logic Fire & Security,None,None,20,18
2011,58,Sons of Liberty,None,None,20,23
2011,59,Knaresborough Silver Band,None,None,20,38
2011,60,Meadowside Maidens,None,None,20,57
2011,61,Piccadilly Fillies,None,None,20,58
2011,62,Knaresborough First Responders,None,None,20,59
2011,63,Broker Network Bounders,None,None,21,5
2011,64,Pure Collection,None,None,21,15
2011,65,Belzona Bed Boys,None,None,21,16
2011,66,Humberston Lions Club,None,None,21,43
2011,67,Zawadi,None,None,21,43
2011,68,2nd Knaresborough Rainbows,None,None,21,48
2011,69,St John's Jewels,None,None,21,51
2011,70,Tockwith Titans,None,None,21,52
2011,71,King James' Krushers,None,None,21,54
2011,72,Pure Collection 2,None,None,22,3
2011,73,SBU,None,None,22,7
2011,74,Ice Maidens,None,None,22,20
2011,75,Scrummie Mummies,None,None,22,21
2011,76,Team Red Beer,None,None,22,23
2011,77,High Speed Bed Caper,None,None,22,36
2011,78,Pulse Racers,None,None,22,44
2011,79,Aspin Angels,None,None,22,44
2011,80,Churches Together,None,None,22,52
2011,81,St Michaels Hospice,None,None,22,55
2011,82,Boudica Boudoir,None,None,22,56
2011,83,Skylarks,None,None,23,14
2011,84,1st Scriven Scouts,None,None,24,9
2011,85,Kids at Heart,None,None,24,39
2011,86,Dolls on the Run,None,None,24,57
2011,87,The Flangetastics,None,None,25,17
2011,88,HP Sauceys,None,None,25,41
2011,89,Gateways Flyers,None,None,26,44
2011,90,Always With A Smile,None,None,30,6
2012,1,Ripon Runners,None,None,14,43
2012,2,Nidd Valley Men,None,None,15,2
2012,3,Guardian Alarms,None,None,15,21
2012,4,Harrogate Harriers,None,None,15,26
2012,5,The Rocket Men,None,None,15,31
2012,6,Planet Steel,None,None,15,45
2012,7,The Welly Wheelers,None,None,15,46
2012,8,G H Brooks,None,None,15,58
2012,9,Shamrock Vets,None,None,16,18
2012,10,Globe Street Trotters,None,None,16,31
2012,11,Armed Forces fitness,None,None,16,51
2012,12,Piccadilly Men,None,None,16,54
2012,13,Magnificent Seven,None,None,16,59
2012,14,Young Life,None,None,17,6
2012,15,Ripon Runners Girls,None,None,17,19
2012,16,HPL Flyers,None,None,17,24
2012,17,Castle Clinic,None,None,17,39
2012,18,Nidd Valley Road Runners Men’s B,None,None,17,53
2012,19,Weeton Pirates,None,None,18,1
2012,20,Meadowside Malingerers,None,None,18,4
2012,21,The Design Academy,None,None,18,45
2012,22,Stewart’s Tartan Army,None,None,18,53
2012,23,The Younger Ones,None,None,19,33
2012,24,Harrogate Young Life Juniors,None,None,20,1
2012,25,Lock Stock & Six Floating Barrels,None,None,20,23
2012,25,Harrogate Racers for AD Holdings,None,None,20,23
2012,27,Proctor & Gamble Bed 2,None,None,20,49
2012,28,New Bebra Beavers,None,None,20,55
2012,29,Piccadilly Plodders,None,None,20,57
2012,30,Six Pack,None,None,21,13
2012,31,Killer Queens Nippers Men,None,None,21,29
2012,32,St John’s Juggernauts,None,None,21,48
2012,33,Bobby Dazzlers,None,None,21,52
2012,34,The Fat & Furious 6,None,None,22,1
2012,35,Belzona Bullets,None,None,22,15
2012,36,Scotton Scorchers,None,None,22,16
2012,37,7 Peas in a Pod,None,None,22,17
2012,38,Knaresborough Rugby Union FC,None,None,22,19
2012,39,The Sweet Chariot,None,None,22,27
2012,40,Paperworks/Round Table,None,None,22,36
2012,41,HACS Amphetamine Queens,None,None,22,59
2012,42,1st Knaresborough (Castle) Scouts),None,None,23,9
2012,43,Green-tech Gladiators,None,None,23,12
2012,44,Wetherby Runners AC,None,None,23,17
2012,45,Nidd United,None,None,23,43
2012,46,Lido Loonies,None,None,25,8
2012,47,Team Buddy,None,None,25,14
2012,48,Harrogate Audi,None,None,25,45
2012,49,Knaresborough Silver Band,None,None,25,58
2012,50,BNL Smooth Operators,None,None,26,37
2012,51,Turner’s Tearaways,None,None,26,59
2012,52,Belzona Bed Boys,None,None,27,42
2012,53,Welly Wheelettes,None,None,28,8
2012,54,Head Start for Someone Else,None,None,28,41
2012,55,West End Bankers,None,None,28,54
2012,56,Nidd Valley Ladies,None,None,28,56
2012,57,Skylarks,None,None,28,59
2012,57,Commercial Estates Group,None,None,28,59
2012,59,Proctor and Gamble Bed 1,None,None,29,31
2012,60,The Flying Mechanics,None,None,29,57
2012,61,Lexy’s Midnight Runners,None,None,30,33
2012,62,Piccadilly Phillies,None,None,30,35
2012,63,"Churches Together, Knaresborough 2",None,None,30,53
2012,64,Team Avacta,None,None,32,17
2012,65,Menwith Hill Chapel,None,None,32,58
2012,66,Harrogate Ladies College,None,None,33,53
2012,67,SBU,None,None,34,12
2012,68,Oatlands Infants Ladies,None,None,34,39
2012,69,George and Dragon,None,None,35,26
2012,70,Knaresborough Celtic Girls,None,None,35,43
2012,71,Knaresborough Town AFC Juniors,None,None,35,49
2012,72,Vida Leaders,None,None,35,59
2012,73,Logic Fire and Security,None,None,36,40
2012,74,Humberston Lions Club,None,None,36,49
2012,75,St John’s Jewels,None,None,38,41
2012,76,1st Scriven Scouts,None,None,40,4
2012,77,Meadowside Maidens,None,None,40,35
2012,78,High Street Bed Capers,None,None,40,38
2012,79,The ‘A’ Team,None,None,40,42
2012,80,Pulse Racers,None,None,41,1
2012,81,Scrummy Mummy’s,None,None,42,14
2012,82,Churches Together Ladies,None,None,43,20
2012,83,Team Red Beer,None,None,43,52
2012,84,Blue Light Taxi’s,None,None,45,2
2012,85,The Avalon Athletes,None,None,46,16
2012,86,Unlikely Lasses,None,None,46,58
2012,87,Ladies Mid Life Crisis,None,None,48,51
2012,88,The Flangetastics,None,None,48,14
2012,89,Harrogate Hornets,None,None,49,16
2012,90,Kippax Templars Bisons,None,None,50,51
2013,1,Harrogate Harriers,None,None,13,10
2013,2,Ripon Runners Men’s Team,None,None,13,59
2013,3,Planet Steel,None,None,14,0
2013,4,Nidd Valley Men 'A',None,None,14,13
2013,5,Guardian Alarms,None,None,15,5
2013,6,G H Brooks Blockheads,None,None,15,9
2013,7,Globe Street Trotters,None,None,15,19
2013,8,Castle Clinic,None,None,15,20
2013,9,Welly Wheelers,None,None,15,21
2013,10,Piccadilly Men,None,None,15,32
2013,11,The Magnificent Seven,None,None,15,37
2013,12,Harrogate Racers for AD Group Holdings Ltd,None,None,15,41
2013,13,Young Life,None,None,15,43
2013,14,Nidd Valley Road Runners Men’s B,None,None,15,54
2013,15,Oatlands Infants Men’s,None,None,16,10
2013,16,Ripon Runners Girls,None,None,16,13
2013,17,HPL Flyers,None,None,16,19
2013,18,G H Brooks Lumberjacks,None,None,16,23
2013,19,Asthmatic Ants,None,None,16,29
2013,20,Half Moon Knaresborough Striders,None,None,16,51
2013,21,Knaresborough Rugby Club,None,None,16,54
2013,22,Peas in a Pod,None,None,16,59
2013,23,The Rocket Men,None,None,17,7
2013,24,Piccadilly Plodders,None,None,17,9
2013,25,The Sweet Chariot,None,None,17,9
2013,26,The Young Ones,None,None,17,13
2013,27,"Free Style Kinetics, the JP Project",None,None,17,18
2013,28,Meadowside Malingerers,None,None,17,27
2013,29,Killer Queens Nippers Men,None,None,17,29
2013,30,Bobby Dazzlers,None,None,17,40
2013,31,Harrogate Young Life Juniors,None,None,17,48
2013,32,Knaresborough Silver Band,None,None,17,55
2013,33,Turner’s Tearaways,None,None,17,56
2013,34,Scotton Scorchers JFC,None,None,18,1
2013,35,Green-Tech Gladiators,None,None,18,15
2013,36,Saint John's Juggernauts,None,None,18,19
2013,37,HACS – The Mythical Legends,None,None,18,20
2013,38,BMF York,None,None,18,22
2013,39,First Knaresborough Scouts,None,None,18,24
2013,40,Wyrill’s Whirlwinds,None,None,18,26
2013,41,Rugby Runners,None,None,18,28
2013,42,Hardgear-Elite Teamwear Suppliers,None,None,18,35
2013,43,The Younger Ones,None,None,18,38
2013,44,Welly Wheelettes,None,None,18,38
2013,45,Digital Media Projects,None,None,18,42
2013,46,St Aidans Juniors,None,None,18,44
2013,47,CNG Sponsoring Knaresborough Town Juniors AFC,None,None,18,46
2013,48,Churches Together Bed 2,None,None,18,50
2013,49,Wetherby Runners,None,None,18,56
2013,50,Harrogate Rugby Lucky 13s,None,None,19,1
2013,51,Proctor and Gamble Team 1,None,None,19,8
2013,52,AA Office Furniture,None,None,19,8
2013,53,Nidd Valley Ladies,None,None,19,9
2013,54,Lido Loonies,None,None,19,16
2013,55,Dazzling Bobbies,None,None,19,31
2013,56,Bed Hot Chilli Peppers,None,None,19,35
2013,57,Team Avacta,None,None,19,36
2013,58,Orion,None,None,19,42
2013,59,Acomb Fire Station,None,None,19,45
2013,60,MHS Army,None,None,19,54
2013,61,Harrogate and District Round Table (Brindles Boys),None,None,20,3
2013,62,The Charvers,None,None,20,7
2013,63,George and Dragon,None,None,20,9
2013,64,Humberston Lions Club,None,None,20,16
2013,65,Banyoles Dragon,None,None,20,17
2013,66,First Scriven Scouts,None,None,20,24
2013,67,Nuffield,None,None,20,24
2013,68,St John's PTA Team,None,None,20,24
2013,69,St Michael's Hospice,None,None,20,30
2013,70,Piccadilly Fillers,None,None,20,31
2013,71,Welly Wheeners,None,None,20,36
2013,72,Vital Statistics,None,None,20,37
2013,73,Belzona Bullets,None,None,20,45
2013,74,Knaresborough Celtic Girls,None,None,21,2
2013,75,Skylarks,None,None,21,2
2013,76,Meadowside Maidens,None,None,21,17
2013,77,Oatlands Infants Ladies,None,None,21,30
2013,78,Team Buddy,None,None,21,33
2013,79,Scrummy Mummies,None,None,21,53
2013,80,St John's Jewels,None,None,22,2
2013,81,Red and Blue Runners,None,None,22,6
2013,82,Scotton Lingerfield Ladies,None,None,22,9
2013,83,Charlie's Angels,None,None,22,23
2013,84,Team Bojangles,None,None,22,24
2013,85,Churches Together Ladies,None,None,22,31
2013,86,Lexy's Midnight Runners,None,None,22,42
2013,87,Avalon Athletes,None,None,22,51
2013,88,Knaresborough Pool,None,None,23,49
2013,89,Team Red Beer,None,None,23,53
2013,90,Proctor and Gamble Team 2 The Grads,None,None,23,55
2013,91,Flangetastic,None,None,24,14
2014,1,Harrogate Harriers,None,None,12,51
2014,2,Planet Steel,None,None,13,14
2014,3,Harrogate Racers For A D Group Holdings Ltd,None,None,14,19
2014,4,The Wacky Racers,None,None,14,21
2014,5,Piccadilly Men,None,None,14,36
2014,6,Welly Wheelers,None,None,14,43
2014,7,G H Brooks Blockheads,None,None,14,48
2014,8,Guardian Alarms,None,None,14,49
2014,9,Castle Clinic,None,None,14,50
2014,10,The Half Moon,None,None,14,51
2014,11,G H Brooks Lumberjacks,None,None,14,57
2014,12,The Magnificent Seven,None,None,15,2
2014,13,Ripon Runners,None,None,15,5
2014,14,Knaresborough Striders Men,None,None,15,9
2014,15,Fishers Till We Die,None,None,15,10
2014,16,Nidd Valley Road Runners Men 'B' Team,None,None,15,11
2014,17,Oatlands Infants School Mens,None,None,15,19
2014,18,Stephenson's Rockets,None,None,15,23
2014,19,Harrogate Young Life Juniors,None,None,15,57
2014,20,Ripon Runners Girls,None,None,16,11
2014,21,The Asthmatic Ants,None,None,16,14
2014,22,P & G Team 1,None,None,16,20
2014,23,Flying Mechanics Sponsored By HACS,None,None,16,39
2014,24,Knaresborough Town Juniors Sponsored by CNG,None,None,16,41
2014,25,7 Peas In A Pod,None,None,16,45
2014,26,Six Pack,None,None,16,46
2014,27,Bobby Dazzlers,None,None,16,51
2014,28,The Younger Ones,None,None,16,56
2014,29,The Golden Oldies,None,None,16,57
2014,30,The Young Ones,None,None,16,59
2014,31,St. John's Juggernauts,None,None,17,1
2014,32,Team BHP,None,None,17,7
2014,33,Meadowside Malingerers,None,None,17,8
2014,34,Harrogate Rugby Racers,None,None,17,11
2014,35,Hardgear Teamwear,None,None,17,16
2014,36,Pulse Racers,None,None,17,21
2014,37,Piccadilly Plodders,None,None,17,30
2014,38,Armed Forces Fitness Harrogate,None,None,17,32
2014,39,The Minions,None,None,17,35
2014,40,Scotton Scorchers JFC,None,None,17,35
2014,41,Wyrill's Whirlwind,None,None,17,40
2014,42,Rugby Runners,None,None,17,58
2014,43,Belzona Bullets,None,None,18,0
2014,44,Knaresborough Silver Band,None,None,18,3
2014,45,Knaresborough Scouts,None,None,18,14
2014,46,Nippers Men Killer Queens,None,None,18,18
2014,47,The Rocket Men,None,None,18,19
2014,48,The HACS Group,None,None,18,28
2014,49,Yorkshire Cancer Research,None,None,18,29
2014,50,The Stockys,None,None,18,34
2014,51,Bingley Arms Bardsey - The Old Boys,None,None,18,38
2014,52,St Michaels,None,None,18,40
2014,53,MHS Army,None,None,18,44
2014,54,Platinum Sprint,None,None,19,1
2014,55,Team CNG,None,None,19,7
2014,56,Welly Wheeners,None,None,19,15
2014,57,Piccadilly Fillies,None,None,19,23
2014,58,1st Scriven Scouts,None,None,19,25
2014,59,Lexy's Midnight Runners,None,None,19,28
2014,60,George And Dragon,None,None,19,29
2014,61,Info-Maniacs,None,None,19,33
2014,62,Commercial Estates Group,None,None,19,33
2014,63,Manning Stainton,None,None,19,38
2014,64,Meadowside Maidens,None,None,19,38
2014,65,Colin's Nuts,None,None,19,47
2014,66,Tewit Youth Band,None,None,19,55
2014,67,Harrogate Shotokan Karate Club,None,None,19,58
2014,68,Harrogate Round Table,None,None,20,8
2014,69,Skylarks,None,None,20,16
2014,70,Oatlands Infants Ladies,None,None,20,27
2014,71,Heels On Wheels,None,None,20,34
2014,72,Knaresborough Celtic Girls Under 16,None,None,20,46
2014,73,Broker Network Bounders,None,None,20,54
2014,74,Despicable Mums,None,None,20,58
2014,75,Charlies Angels,None,None,21,1
2014,76,Scrummie Mummies,None,None,21,12
2014,77,Rowdy Roosters,None,None,21,16
2014,78,P & G Graduates,None,None,22,4
2014,79,Vida Leaders,None,None,22,9
2014,80,Churches Together Ladies,None,None,22,19
2014,81,Kippax Welfare JARLFC,None,None,22,19
2014,82,Scotton Lingerfield Ladies,None,None,22,31
2014,83,Cairn Superheroes,None,None,22,35
2014,84,Team Red Beer,None,None,23,14
2014,85,2nd Knaresborough Rainbows,None,None,23,37
2014,86,Mencap,None,None,23,51
2014,87,Beech House Bandits,None,None,24,37
2014,88,Arrow Self Drive,None,None,25,52
2015,1,Planet Steel,2,Mfc,13,14
2015,2,Harrogate Harriers,1,Mfc,13,14
2015,3,Nidd Valley Road Runners Mens,4,Mfc,14,22
2015,4,Ripon Runners Men,3,Mfc,14,48
2015,5,Guardian Alarms,12,Mf,15,1
2015,6,Castle Clinic,13,Mf,15,7
2015,7,Knaresborough Striders Men,5,Mfc,15,8
2015,8,G H Brooks Team 1,10,Mf,15,10
2015,9,Wacky Racers,7,Mf,15,12
2015,10,Globe Street Trotters,11,Mf,15,13
2015,11,Harrogate Tri Club,6,Mfc,15,39
2015,12,Flying Pullman,45,Xf,15,41
2015,13,Piccadilly Men,8,Mf,15,46
2015,14,Welly Wheelers,9,Mf,15,49
2015,15,Oatlands Infants Schools Mens,18,Mf,15,53
2015,16,Stephenson's Rockets,23,Mf,15,56
2015,17,G H Brooks Team 2,15,Mf,16,7
2015,18,Harrogate Rugby Racers,34,Mjf,16,19
2015,19,Fishers Till We Die,16,Mf,16,21
2015,20,Knaresborough Rugby Club,24,Mf,16,27
2015,21,Flying Mechanics - HACS 2,25,Me,16,28
2015,22,Harrogate Young Life Juniors,22,Mjf,16,32
2015,23,The Half Moon,14,Mf,16,36
2015,24,Knaresborough Town Football Club,26,Mjf,16,53
2015,25,Ripon Runners Girls,17,Ffc,17,11
2015,26,The Young Ones,29,Mf,17,36
2015,27,Tomrods Men of Steel,36,Mf,17,37
2015,28,Harrogate Racers For Marslands Timber,40,Xf,17,37
2015,29,Welly Wheeners,56,Xf,17,53
2015,30,Six Pack,None,None,17,56
2015,31,Armed Forces Fitness Harrogate,38,Xf,17,56
2015,32,1st Knaresborough Scouts,47,Me,18,15
2015,33,Piccadilly Plodders,37,Mf,18,17
2015,34,St Johns Juggernauts,31,Mf,18,18
2015,35,The Rocket Men,49,Mf,18,21
2015,36,Meadowside Malingerers,32,Mf,18,31
2015,37,Scotton Scorchers JFC,41,Mf,18,38
2015,38,Knaresborough Silver Band,46,Me,18,55
2015,39,Free Style Kinetics - The J P Project,44,Xf,18,55
2015,40,Welly Wheelettes,43,Ff,19,6
2015,41,Killer Queens Nippers Men,48,Mf,19,7
2015,42,Turner's Tearaways,33,Me,19,7
2015,43,The Minions,39,Xf,19,9
2015,44,Wyrill's Whirlwind,42,Xf,19,12
2015,45,The Dazzling Bobbies,55,Me,19,29
2015,46,Commercial Estates Group,61,Mf,19,35
2015,47,Green-tech Gladiators,35,Me,19,52
2015,48,M H S Army,51,Me,20,50
2015,49,Bebra Oldies,30,Mf,21,7
2015,50,HACS Cultured Construction Workers,50,Me,21,11
2015,51,Manning Stainton,63,Me,21,12
2015,52,Tewit Youth Band,65,Me,21,30
2015,53,Striders Ladies Blue Bullet Flyers,20,Ffc,21,45
2015,54,Savaged By A Bed Sheep,85,Mne,21,46
2015,55,Nuffield Health,66,Xe,21,48
2015,56,"1st Scriven Scouts, Sponsored by CNG",58,Xj,22,0
2015,57,Piccadilly Fillies,57,Ff,22,5
2015,58,Harrogate Round Table,67,Me,22,8
2015,59,Team CNG,54,Xe,22,12
2015,60,The Bed Hot Chilli Peppers,52,Me,22,19
2015,61,Lexy's Midnight Runners,60,Xfc,22,41
2015,62,The Golden Girls,53,Fe,22,42
2015,63,Raworths Runners,88,Xne,22,46
2015,64,Taylors of Harrogate,76,Xe,22,56
2015,65,AFF Stray Birds,21,Fnfc,23,8
2015,66,Aspin School Avengers,86,Xe,23,18
2015,67,George and Dragon,None,None,23,20
2015,68,Jigsaw Joinery,59,Mf,23,28
2015,69,Oatlands Infants School Ladies,79,Fe,23,31
2015,70,The Mighty Claro,80,Me,23,34
2015,71,Nidd Valley Road Runners Ladies,19,Ffc,23,35
2015,72,Knaresborough Pool,69,Xf,23,56
2015,73,Meadowside Maidens,64,Ff,23,58
2015,74,Pelsis Rat Racers,78,Xnf,24,7
2015,75,Humberston North Sea Lions Club,70,Me,24,10
2015,76,Hiscox,62,Mnf,24,35
2015,77,High Speed Bed Capers,72,Me,24,49
2015,78,The ABC Team,81,Mne,24,53
2015,79,Happy Feet,90,Fe,26,31
2015,80,Manchester Boys,82,Me,26,35
2015,81,The Flying Fish,83,Mne,26,45
2015,82,So Sozzled Crew,89,Fe,27,35
2015,83,St Johns PTA 'a' Team,68,Xe,37,35
2015,84,Churches Together Ladies Team,73,Fe,27,47
2015,85,Over The Rainbows,77,Fe,28,10
2015,86,The Bed-Vroom Bombers,87,Xne,28,13
2015,87,St Michaels Hospice Staff,74,Fe,28,29
2015,88,Team Red Beer,75,Xe,28,37
2015,89,Scrummy Mummies,71,Fe,29,8
2015,90,The Swiss Rolls,84,Mne,29,49
2016,1,Planet Steel,1,None,13,15
2016,2,Ripon Runners Men,4,None,13,29
2016,3,G H Brooks Men,8,None,14,5
2016,4,Knaresborough Striders Men,7,None,14,7
2016,5,Nidd Valley Road Runners Men,3,None,14,27
2016,6,Guardian Alarms,5,None,14,33
2016,7,Globe Street Trotters,10,None,14,40
2016,8,Flow-Mon Bandits,11,None,15,6
2016,9,Wacky Racers,9,None,15,12
2016,10,Castle Clinic,6,None,15,15
2016,11,Welly Wheelers,13,None,15,25
2016,12,The Half Moon,18,None,15,50
2016,13,Stephenson's Rockets,14,None,15,59
2016,14,"Lock, Stock & Six Floating Barrels",24,None,16,12
2016,15,Knaresborough Rugby Club,16,None,16,27
2016,16,Flying Mechanics,17,None,16,36
2016,17,Blue Bullet Flyers,27,None,16,39
2016,18,Magnificent Seven,19,None,16,45
2016,19,Harrogate Rugby Racers,15,None,16,50
2016,20,Ripon Runners Girls,20,None,16,54
2016,21,The Plodders,42,None,16,57
2016,22,Six Pack,23,None,17,1
2016,23,FreestyleKinetics-TheJPProject,34,None,17,2
2016,24,Harrogate Round Table,62,None,17,17
2016,25,Welly Wheeners,22,None,17,20
2016,26,Parkrunners Sponsored By The Black Mulberry Cafe,46,None,17,22
2016,27,St John Fisher School,35,None,17,27
2016,28,The Hairy Fairies,36,None,17,33
2016,29,Colin's Nuts,58,None,17,39
2016,30,Meadowside Malingerers,31,None,17,39
2016,31,Harrogate Harriers Mixed Team,28,None,17,41
2016,32,Nidd Valley Road Runners - Mixed 'B',29,None,18,3
2016,33,Welly Wheelettes,37,None,18,8
2016,34,Pelsis Rat Run,74,None,18,18
2016,35,The ReverendJP &The Disciples of Fitness,47,None,18,20
2016,36,Green-Tech Gladiators,49,None,18,23
2016,37,Tewit Youth Band,54,None,18,32
2016,38,The Rocket Men,30,None,18,36
2016,39,CBRE,81,None,18,37
2016,40,Nuffield Health,56,None,18,40
2016,41,The Hacs Cool Runners,51,None,18,51
2016,42,Live For Today,55,None,19,0
2016,43,Menwith Hill,25,None,19,2
2016,44,Pinnacle Data,77,None,19,3
2016,45,Bed Zeppelin,41,None,19,5
2016,46,Aspin Avengers,65,None,19,6
2016,47,St John's Juggernauts,26,None,19,8
2016,48,Raworths Runners,43,None,19,8
2016,49,CNG,50,None,19,17
2016,50,Turners Tearaways,39,None,19,21
2016,51,Killer Queens - Nippers Men,38,None,19,25
2016,52,Manning Stainton,53,None,19,26
2016,53,Oatlands Infants Ladies,71,None,19,28
2016,54,Dazzling Bobbies,48,None,19,31
2016,55,Knaresborough Silver Band,33,None,19,33
2016,56,City Slackers,44,None,19,46
2016,57,Taylors Of Harrogate,63,None,19,50
2016,58,Scotton Scorchers JFC,32,None,19,51
2016,59,Clarity Clodhoppers,45,None,19,58
2016,60,Alcumus Sm&Ms,69,None,20,29
2016,61,6th Gear,80,None,20,40
2016,62,George And Dragon,67,None,20,41
2016,63,Piccadilly Fillies,60,None,20,50
2016,64,Brook's Birds,66,None,21,33
2016,65,The YBS Finance Fitties,85,None,21,43
2016,66,St John's PTA 'B' Team,78,None,21,45
2016,67,Pelsis Flyers,75,None,21,46
2016,68,Bingley Arms Bardsey Ambulance Boys,57,None,21,47
2016,69,Captain Rose & The Legion Of Limbs,70,None,21,57
2016,70,1st Scriven Scouts,59,None,21,57
2016,71,Meadowside Maidens,72,None,21,58
2016,72,Over The Rainbows,86,None,21,58
2016,73,Team Bed Guru,82,None,22,2
2016,74,Rabbit Hill Country Store,2,None,22,16
2016,75,Hiscox,68,None,22,18
2016,76,Aff Birds,64,None,22,20
2016,77,Knaresborough Striders Ladies,52,None,22,24
2016,78,The Goldsborough Girls,73,None,22,31
2016,79,Tomrods Men Of Steel,21,None,22,34
2016,80,Team Sanderson,83,None,22,35
2016,81,Skylarks,61,None,22,39
2016,82,St Michaels Hospice Staff,87,None,22,45
2016,83,So Sozzled Crew,76,None,23,4
2016,84,Bedknobs & Broomsticks,89,None,23,19
2016,85,The Richard Taylor Runners,84,None,23,23
2016,86,Scotton Lingerfield Ladies,90,None,23,38
2016,87,Team Red Beer,88,None,23,39
2016,88,Jigsaw Joinery,40,None,23,53
2016,89,The Deer Hunters,12,None,24,13
2016,90,The Younger Ones! Not!!,79,None,25,5
2017,1,Ripon Runners Men,2,Mf,13,51
2017,2,GH Brooks,3,Mf,14,8
2017,3,Nidd Valley Men's A Team,4,Mf,14,9
2017,4,Knaresborough Striders Men,5,Mf,14,31
2017,5,The Half Moon,11,Mf,15,5
2017,6,Welly Wheelers,10,Mf,15,38
2017,7,Guardian Alarms,6,Mf,15,47
2017,8,Flying Pullman,8,Xf,15,50
2017,9,Nidd Valley Men's B Team,7,Mf,15,54
2017,10,Stephenson's Rockets,12,Mf,16,11
2017,11,St John Fishers,21,Mf,16,11
2017,12,The Deer Hunters,26,Mf,16,26
2017,13,Knaresborough Rugby Club,9,Mf,16,26
2017,14,Parkrunners,27,Xf,16,43
2017,15,Harrogate Rugby Racers,16,JMf,16,47
2017,16,Blue Bullet Flyers,15,Mf,16,48
2017,17,The Hairy Fairies,25,Mf,17,1
2017,18,Mott MacDonald Leeds,24,Mf,17,2
2017,19,Flying Mechanics,13,Mf,17,4
2017,20,Pelsis Flyers,20,Mf,17,11
2017,21,The Rocket Men,37,Mf,17,20
2017,22,Sentinel Sprinters,54,Me,17,26
2017,23,Six Pack,14,Mf,17,28
2017,24,Welly Wheeners,23,Xf,17,30
2017,25,The Plodders,19,Mf,17,34
2017,26,JP's Disciples of Fitness,18,Xf,17,38
2017,27,Ripon Runners Girls,17,Ff,17,48
2017,28,Green-Tech Ltd,28,Mf,17,54
2017,29,Meadowside Malingerers,33,Me,17,56
2017,30,Welly Wheelettes,32,Ff,17,59
2017,31,Procter & Shambles,30,Xf,18,2
2017,32,Taylors of Harrogate,52,Me,18,5
2017,33,Commercial Estates Group,38,Mf,18,19
2017,34,CBRE,34,Me,18,19
2017,35,HACS 1,39,Me,18,30
2017,36,The Dazzling Bobbies,49,Me,18,36
2017,37,Round Table 1: Slim Table,22,Mf,18,39
2017,38,Clarity Clodhoppers,42,Xf,18,59
2017,39,Knaresborough Silver Band,50,Me,19,5
2017,40,Pretty Paws,43,Xe,19,7
2017,41,RAF Menwith Hill,29,Me,19,10
2017,42,St John's Juggernauts,35,Mf,19,19
2017,43,Oatlands Infants Mixed,68,Xf,19,21
2017,44,6th Gear,63,Xe,19,26
2017,45,Aspin Avengers,51,Me,19,37
2017,46,Techbuyer Ltd,85,Mf,20,2
2017,47,Raworths Solicitors,46,Xe,20,2
2017,48,Turners Tearaways,48,Me,20,10
2017,49,Bed Zeppelin,41,Mf,20,10
2017,50,Tewit Youth Band,81,JMe,20,21
2017,51,Ripley Castle,73,Xe,20,40
2017,52,Nidd Valley Ladies Team,44,Ff,20,50
2017,53,Welly Wheelies,65,JXf,21,10
2017,54,St Johns PTA 'B' Team,64,Xe,21,12
2017,55,1st Knaresborough Scouts,82,JXf,21,24
2017,56,Round Table 2: Round(er) Table,36,Me,21,31
2017,57,High Street Heroes,60,Xe,21,31
2017,58,1st Scriven Scouts,83,JXe,21,33
2017,59,Stray Savers,58,Xe,21,37
2017,60,Skylarks,59,Ff,21,38
2017,61,Piccadilly Fillies,61,Ff,21,41
2017,62,CNG,55,Xe,21,42
2017,63,Piston Broke,70,Xe,21,49
2017,64,HACS 2,40,Me,21,55
2017,65,Bedknobs & Broomsticks,78,Me,21,56
2017,66,Knaresborough Striders Ladies,45,Ff,22,6
2017,67,Y-Not Ambulance Boys,47,Me,22,25
2017,68,Scotton Scorchers,57,JFe,22,51
2017,69,King James's Female Junior Team (CNG),87,Jfe,22,55
2017,70,Mums On The Run,69,Fe,23,4
2017,71,Mowbray Magic,71,Xe,23,30
2017,72,Rabbit Hill Country Store,62,Ff,23,34
2017,73,Harrison Spinks,74,Xe,23,44
2017,74,SESKU Little Un,53,Me,24,18
2017,75,Bedraggled,90,Fe,24,31
2017,76,Tomrods Are Go!,80,Fe,24,33
2017,77,The Swiss Rolls,31,Mf,24,35
2017,78,Team Red Beer,77,Xe,24,35
2017,79,Meadowside Maidens,72,Fe,25,9
2017,80,Rainbow Runners,89,Fe,25,29
2017,81,Team Sanderson,76,Xe,25,31
2017,82,Hearing Dogs for Deaf People,86,Fe,25,40
2017,83,Saint Michael's Hospice Staff,84,Fe,25,41
2017,84,Pelsis Rat Racers,67,Xe,25,53
2017,85,Harrogate Theatre,66,Xe,26,47
2017,86,Aspin Park Primary School PTA,88,Fe,27,1
2017,87,Speedy Girlzales,79,Fe,27,4
2017,88,Knaresborough Strollers,75,Xe,27,32
2017,89,NOT RUNNING,1,None,None,None
2017,90,NOT RUNNING,56,None,None,None
2018,1,GH Brooks,2,Mf,13,23
2018,2,Ripon Runners Men,1,Mfc,14,7
2018,3,Knaresborough Striders Men,3,Mfc,14,14
2018,4,The Half Moon,4,Mf,14,52
2018,5,Nidd Valley Men's B Team,8,Mfc,15,5
2018,6,David Lloyd Harrogate,18,Mf,15,17
2018,7,Guardian Alarms,7,Mf,15,28
2018,8,Oatlands Junior School Men,9,Mf,15,32
2018,9,Hymas Blue Bullet Flyers,13,Mfc,15,34
2018,10,Welly Wheelers,5,Mf,15,43
2018,11,Knaresborough Rugby Club,12,Mf,15,54
2018,12,St.John Fisher School,11,Mf,16,1
2018,13,Flying Pullman,6,Xf,16,9
2018,14,Ripon Fire Station,16,MnA,16,17
2018,15,Harrogate Harriers Miserable Old Veterans,33,Mfc,16,20
2018,16,Parkrunners,14,Xf,16,23
2018,17,CNG,36,Mf,16,28
2018,18,The Plodders,22,Mf,16,45
2018,19,Stephenson's Rockets,10,Mf,16,49
2018,20,Ripon Runners Girls,23,Ffc,17,2
2018,21,Mott MacDonald Leeds,15,Mf,17,8
2018,22,Pelsis Flyers,17,Mf,17,18
2018,23,Shipton's Shifters,29,Me,17,18
2018,24,The Rocket Men,19,Mf,17,26
2018,25,Meadowside Malingerers,26,Me,17,26
2018,26,Welly Wheeners,21,Xf,17,38
2018,27,Six Pack,20,Mf,17,41
2018,28,Bed Zeppelin,48,Mf,17,50
2018,29,CrossFit Harrogate,43,Xf,17,53
2018,30,Techbuyer Ltd,46,Mf,17,55
2018,31,Pannal Dental Clinic,34,Mnf,17,58
2018,32,Mancraft,51,Mne,18,1
2018,33,SESKU Little Un,52,Me,18,2
2018,34,Oatlands Infant School Team,44,Xe,18,7
2018,35,Welly Wheelettes,27,Ff,18,9
2018,36,Nidd Valley Ladies Team,56,Ffc,18,13
2018,37,Harrogate Round Table,30,Mf,18,27
2018,38,JP's Mini Disciples,79,Xnjf,18,31
2018,39,AFF,58,Xf,18,33
2018,40,RAF Menwith Hill,40,MA,18,37
2018,41,Tewit Youth Band,55,Mje,18,51
2018,42,Clarity Clodhoppers,39,Xf,18,58
2018,43,Knaresborough Striders Ladies,71,Ffc,19,2
2018,44,HACS 1,37,Me,19,5
2018,45,Aspin Avengers,45,Me,19,5
2018,46,Piston Broke,67,Xe,19,12
2018,47,"Saint John's PTA ""B"" Team",62,Xne,19,14
2018,48,1st Scriven Scouts sponsored by CNG,64,Mjf,19,24
2018,49,Knaresborough Strollers,32,Mf,19,31
2018,50,JP's Disciples of Fitness,24,Mf,19,32
2018,51,1st Knaresborough Scouts,63,Xje,19,33
2018,52,Dads of Goldsborough School,50,Me,19,33
2018,53,Welly Wheelies,59,Xjf,19,33
2018,54,HACS 2,38,Me,19,36
2018,55,Harrison Spinks 1,72,Xf,19,42
2018,56,Piccadilly Players,57,Xf,19,44
2018,57,The Transplants,53,Mne,19,53
2018,58,ifm electronic,54,Mf,19,56
2018,59,HMCA,87,Xne,19,56
2018,60,CEG,31,Mf,19,59
2018,61,The Froebelian Flyers!,60,Mne,20,17
2018,62,Team Sanderson,83,Xe,20,29
2018,63,The Juggernauts,41,Mf,20,30
2018,64,"Saint John's PTA ""A"" Team",61,Xe,20,33
2018,65,Harrison Spinks 2,73,Xf,20,35
2018,66,Turner's Tearaways,47,Mf,20,36
2018,67,Oatlands Junior School Ladies,42,Ff,20,38
2018,68,Taylors of Harrogate,49,Xe,20,52
2018,69,Meadowside Maidens,81,Fe,21,5
2018,70,Skylarks,65,Ff,21,13
2018,71,Scotton Scorchers,74,Fjf,21,13
2018,72,Pelsis Rat Racers,85,Xe,21,14
2018,73,Rungs and Hoses,35,MA,21,16
2018,74,Over The Rainbows,82,Fe,21,25
2018,75,Mums on the Run,76,Fe,21,34
2018,76,Ladies On The Loose,84,Fe,21,42
2018,77,The Y.A.S. Lost Boys,69,MA,21,43
2018,78,Piccadilly Fillies,66,Ff,21,53
2018,79,Ortial Technologies Ltd,89,Xne,22,17
2018,80,Mowbray Magic,77,Xe,22,17
2018,81,Bedknobs & Broomsticks,70,Fe,22,18
2018,82,The JP Project,25,Xf,22,20
2018,83,HOPS - TEAM TOPHAT,90,Xe,22,22
2018,84,The Swiss Rolls,28,Mf,22,22
2018,85,Yorkshire Ambulance Service Charity,68,MA,23,0
2018,86,Straybirds,88,Fe,23,24
2018,87,Nidd Valley Zip 2 Zoomers,78,Fnfc,23,34
2018,88,Scrambled Legs,80,Xe,24,13
2018,89,Knaresborough Silver Band,75,Fe,28,12
2018,90,Harrogate Theatre,86,Me,None,None
2019,1,GH Brooks Men,1,Mf,13,40
2019,2,Knaresborough Striders Men,3,Mfc,14,38
2019,3,Ripon Runners Men,2,Mfc,15,2
2019,4,Nidd Valley Men's A,4,Mfc,15,9
2019,5,Guardian Alarms,8,Mf,15,50
2019,6,Flying Pullman,11,Xf,15,50
2019,7,The Half Moon,5,Mf,15,50
2019,8,David Lloyd Harrogate,7,Mf,16,0
2019,9,GH Brooks Pannal Mashups,66,Xf,16,3
2019,10,Oatlands Junior School - Men,9,Mf,16,12
2019,11,CNG1,16,Mf,16,20
2019,12,Nidd Valley Men's B,6,Mfc,16,28
2019,13,Blue Bullet Flyers,14,Xfc,16,43
2019,14,Parkrunners Mixed,15,Xf,16,49
2019,15,Knaresborough Rugby Club,10,Mf,16,49
2019,16,Welly Wheelers,55,Mf,16,56
2019,17,King James School,28,Mf,17,1
2019,18,The Plodders,17,Mf,17,21
2019,19,Scotton Scorchers JFC,26,Mf,17,23
2019,20,Harrogate Harriers Counting Sheep,13,Mfc,17,31
2019,21,Pannal Dental Clinic,24,Mf,17,42
2019,22,Ripon Fire Station,12,MA,17,58
2019,23,Six Pack,22,Mf,18,9
2019,24,HACS1,47,Me,18,13
2019,25,Forest School,60,Mne,18,16
2019,26,Welly Wheeners,45,Xf,18,27
2019,27,Stockeld Stags,46,Me,18,34
2019,28,Stray Blokes,59,Me,18,38
2019,29,Ripon Runners Girls,19,Ffc,18,45
2019,30,Meadowside Malingerers,21,Me,18,45
2019,31,Oatlands Infant School,25,Mf,18,47
2019,32,JPz Mini Disciples of Fitness,34,Mjf,18,58
2019,33,Stephenson's Rockets,18,Mf,19,14
2019,34,Ripon Runners Renegades,31,Xfc,19,16
2019,35,The Rocket Men,20,Me,19,25
2019,36,Techbuyer,23,Mf,19,29
2019,37,RAF Menwith Hill,37,MA,19,39
2019,38,The Juggernauts,41,Mf,19,42
2019,39,Welly Wheelettes,32,Ff,20,4
2019,40,Aspin Avengers,44,Me,20,15
2019,41,Belzona A,27,Mf,20,37
2019,42,AFF,35,Xf,21,3
2019,43,Ripley Castle Stormers,29,Mf,21,4
2019,44,6th Gear,40,Xf,21,5
2019,45,CEG,58,Me,21,9
2019,46,Piccadilly Players,56,Xe,21,11
2019,47,Harrogate Round Table,33,Me,21,18
2019,48,Nidd Valley Mixed B,30,Xnfc,21,24
2019,49,Knaresborough Striders Ladies,43,Ffc,21,27
2019,50,Team Nonno,64,Me,21,34
2019,51,Turner's Tearaways,42,Mf,21,55
2019,52,Tewit Youth Band,38,Mje,22,3
2019,53,Knaresborough Strollers,53,Mf,22,7
2019,54,The Transplants,57,Me,22,15
2019,55,Welly Wheelies,54,Xjf,22,16
2019,56,1st Scriven Scouts,52,Mjf,22,21
2019,57,Raworths Solicitors,51,Me,22,29
2019,58,Aspin Park Academy PTA Team B,73,Mne,22,52
2019,59,Yorkshire Cancer Centre Runners,68,Xf,22,59
2019,60,Park Street Pacers,67,XA,23,29
2019,61,Saint John's PTA A Team,49,Xe,23,32
2019,62,Redcentric,62,Mne,23,50
2019,63,Fountains Abbey and Brimham Rocks,82,Xne,24,10
2019,64,Parkrunners Girls,36,Fnf,24,13
2019,65,Between A Walk And A Hard Pace,61,Mne,24,18
2019,66,Belzona B,65,Xf,24,28
2019,67,Taylors of Harrogate,69,Xe,24,32
2019,68,Saint John's PTA B Team,50,Xe,24,47
2019,69,Knaresborough Air Cadets,90,Xne,25,4
2019,70,Meadowside Maidens,70,Fe,25,8
2019,71,Skylarks,71,Ff,25,31
2019,72,Richard Taylor Runners,80,Xe,25,43
2019,73,Harrogate Symphony Orchestra,75,Me,25,51
2019,74,Harrogate International Festivals,79,Xe,26,0
2019,75,Aspin Park Academy PTA Team A,72,Mne,26,13
2019,76,Nidd Valley Ladies,39,Fnfc,26,27
2019,77,Only When I Laugh,76,MA,27,9
2019,78,The Ortial Flyers,77,Me,27,22
2019,79,HACS2,48,Xe,27,58
2019,80,Platinumsprint,86,Fne,28,16
2019,81,Straybirds,87,Fe,28,29
2019,82,Scrambled Legs,88,Xe,28,47
2019,83,Mowbray Magic,78,Xf,28,51
2019,84,Baroque Harrogate & Ripon,74,Me,28,51
2019,85,CNG2,63,Me,29,8
2019,86,God's Own,83,Xne,30,32
2019,87,Innovate Fitness,85,Fne,31,6
2019,88,Signa Technologies,81,Xe,31,13
2019,89,St Michael's Hospice,84,Fne,31,40
2019,90,Knaresborough Silver Band,89,Xe,35,4
2022,1,GH Brooks Men,1,Mf,12,59
2022,2,Ripon Runners Men,3,Mf,13,36
2022,3,Knaresborough Striders Men,2,Mf,13,53
2022,4,Nidd Valley Men's A,4,Mf,14,11
2022,5,Flying Pullman,6,Xf,14,49
2022,6,Welly Wheelers,15,Mf,15,14
2022,7,Early Bird Run Crew Harrogate,10,Mf,15,20
2022,8,The Half Moon,7,Mf,15,33
2022,9,Nidd Valley Junior Runners,16,Mjf,15,37
2022,10,It's a COP-Out,23,Mnf,15,40
2022,11,GH Brooks Mixed,8,Me,15,41
2022,12,Harrogate Tri Club,20,Mf,15,41
2022,13,Techbuyer,35,Mf,16,3
2022,14,Guardian Alarms,5,Mf,16,11
2022,15,Knaresborough Rugby Club,14,Mf,16,26
2022,16,The Forest School,24,Mf,16,39
2022,17,"Harrogate Harriers, Grumpy Old Folk",19,Mf,16,46
2022,18,Welly Wheeners,26,Xf,16,48
2022,19,Parkrunners,12,Xf,16,54
2022,20,St John Fisher’s Catholic High School,55,Me,16,56
2022,21,Knaresborough Striders Mixed,25,Xf,17,9
2022,22,Nidd Valley Men's B,9,Mf,17,26
2022,23,Piccadilly Fillies,83,Fe,17,29
2022,24,Wetherby Runners AC,28,Mnf,17,36
2022,25,Energy Personified,21,Mf,17,39
2022,26,Riverside Runners,17,Mf,17,48
2022,27,The Rocket Men,34,Me,17,49
2022,28,Supplies Web – Business Products and Services,22,Mf,17,50
2022,29,Welly Wheelies,37,Fjf,17,57
2022,30,Ripon Runners Girls,27,Ff,18,3
2022,31,Scotton Scorchers JFC,18,Me,18,8
2022,32,SFC,13,Xf,18,9
2022,33,Blue Bullet Flyers,11,Mf,18,11
2022,34,Nidd Valley Ladies,29,Ff,18,25
2022,35,Oxfam,31,Me,18,37
2022,36,Piccadilly Players,49,Me,18,42
2022,37,Aspin Owlers,66,Xe,19,7
2022,38,Monkton Meanderers,59,Xf,19,8
2022,39,Harrogate Town AFC Community Foundation,51,Xnf,19,9
2022,40,Blind Jack Explorer Scouts,30,Mnf,19,18
2022,41,De Vere Hotels,58,Xe,19,21
2022,42,HACS2,45,Xe,19,24
2022,43,Meadowside Malingerers,32,Me,19,33
2022,44,HACS1,44,Me,19,35
2022,45,Welly Wheelettes,39,Ff,19,39
2022,46,FOKSJ A Team,68,Xe,19,49
2022,47,Knaresborough Silver Band,86,Me,19,49
2022,48,Aspin Avengers,40,Xe,19,56
2022,49,1st Knaresborough Scouts,63,Mje,20,1
2022,50,Raworths,64,Me,20,9
2022,51,Hoyer,56,Me,20,35
2022,52,Harrogate Symphony Orchestra,76,Xe,20,37
2022,53,Juggernauts,53,Xe,20,38
2022,54,1st Scriven Scouts sponsored by AMEY,62,Mje,20,54
2022,55,Knaresborough Revolution,50,Mf,21,1
2022,56,Ortial Technologies,78,Me,21,2
2022,57,Welly Warriors,38,Mf,21,10
2022,58,Badgered Into Running,42,Xf,21,36
2022,59,Dave's Dream Team,73,Xe,21,37
2022,60,Pelsis,46,Xf,21,41
2022,61,Aspin Angels,67,Xe,21,58
2022,62,Rogue Red Kite Runners,80,Fe,22,2
2022,63,Knaresborough Air Cadets,74,Xje,22,12
2022,64,FOKSJ B Team,69,Xe,22,19
2022,65,Scrambled Legs,79,Xe,22,31
2022,66,Harrogate Round Table,52,Me,23,0
2022,67,50 Shades of Green,70,Xe,23,3
2022,68,Turner's Tearaways,54,Me,23,18
2022,69,AFF (Armed Forces Fitness),41,Me,23,33
2022,70,Tewit Youth Band,61,Mje,23,33
2022,71,HGATE Challengers,81,Fe,23,43
2022,72,Fountains Abbey and Brimham Rocks,65,Xe,23,51
2022,73,HENCHshaws,71,Xne,23,51
2022,74,St Michael's Hospice (North Yorkshire Hospice Care),85,Xe,24,7
2022,75,Meadowside Maidens,75,Fe,24,59
2022,76,Make It Wild,84,Xe,25,9
2022,77,RAF Menwith Hill,36,Xe,25,28
2022,78,Kate's Crew,82,Fne,25,34
2022,79,North Yorkshire Horizons,60,Xe,29,5
2023,1,GH Brooks Men,1,Mf,13,5
2023,2,Ripon Runners Men,2,Mf,13,23
2023,3,GH Brooks 2,10,Mf,14,29
2023,4,Early Bird Run Crew Harrogate,7,Mf,15,5
2023,5,The Half Moon,8,Mf,15,17
2023,6,Nidd Valley Men,4,Mf,15,20
2023,7,Nidd Valley Junior Runners,9,Mjf,15,20
2023,8,Welly Wheelers,6,Mf,15,28
2023,9,The Forest School,13,Mf,15,43
2023,10,Riverside Runners,15,Mf,16,18
2023,11,Harrogate Harriers - Grumpy Old Folk,14,Mf,16,31
2023,12,Park Runners,19,Xf,16,56
2023,13,Stockeld Stags,18,Mf,17,13
2023,14,Knaresborough Rugby Club,12,Mf,17,20
2023,15,Welly Wheeners,17,Xf,17,36
2023,16,Guardian Alarms,11,Mf,17,48
2023,17,Consultio / Consultius,21,Mf,17,58
2023,18,St John Fisher's Catholic High School,20,Mf,18,8
2023,19,Blue Bullet Flyers,26,Mf,18,10
2023,20,Nidd Valley Mixed Junior Runners,30,Xjnf,18,18
2023,21,"Run, Forrest, Run!",23,Mnf,18,36
2023,22,Raworth Solicitors,60,Me,18,37
2023,23,Scotton Scorchers,25,Mf,18,38
2023,24,Brimhams Active,16,Mf,18,40
2023,25,Monkton Meanderers,34,Xe,18,50
2023,26,Ripon Runners Ladies,24,Ff,18,50
2023,27,Harrogate Town AFC Community Foundation,35,Xe,18,51
2023,28,Nidd Valley Clownettes,31,Ff,18,57
2023,29,HACS1,39,Me,19,6
2023,30,Piccadilly Players,27,Mf,19,12
2023,31,Knaresborough Striders Ladies,70,Ff,19,16
2023,32,1st Knaresborough Scouts,58,Me,19,28
2023,33,The Wanderers,38,Xe,19,47
2023,34,The Rocket Men,22,Mf,19,48
2023,35,Nidd Valley Show Girls,37,Ff,20,16
2023,36,King James's School (6th Form),65,Mne,20,17
2023,37,Piston Broke,55,Xe,20,25
2023,38,Knaresborough Revolution,69,Mf,20,30
2023,39,Welley Wheelettes,41,Ff,20,31
2023,40,FOKSJ B Team,47,Xe,20,32
2023,41,DMfitness,36,Xe,21,1
2023,42,FOKSJ A Team,46,Xe,21,19
2023,43,Aspin Avengers,54,Xe,21,19
2023,44,Aspin Owls,43,Xe,21,27
2023,45,Piccadilly Plodders,51,Xe,21,33
2023,46,1st Scriven Scouts,68,Xje,21,49
2023,47,Schofield Fitness,33,Me,21,56
2023,48,Knaresborough Silver Band,53,Mje,22,6
2023,49,HACS2,40,Me,22,13
2023,50,KJS Year 10,81,Mjne,22,17
2023,51,Saint Michael's Hospice,93,Xe,22,19
2023,52,HGS Science,52,Xf,22,32
2023,53,Morrisons,86,Xe,22,40
2023,54,Fountains Abbey and Brimham Rocks,83,Xe,22,52
2023,55,Scrambled Legs,74,Me,22,52
2023,56,Henchshaws,84,Xe,22,56
2023,57,Tewit Youth Band,82,Xje,22,59
2023,58,Knaresborough Striders Joggers,91,Xne,23,6
2023,59,Welly Warriors,42,Mf,23,9
2023,60,Harrogate Roundtable,75,Me,23,12
2023,61,Harrogate Symphony Orchestra,66,Xe,23,12
2023,62,Turner's Tearaways,77,Me,23,17
2023,63,Feather Smailes Scales,45,Xnf,23,36
2023,64,Meadowside Maidens,50,Xe,23,52
2023,65,Make It Wild,95,Xe,23,54
2023,66,Knaresborough Air Cadets,73,Xje,24,3
2023,67,"All Saints Primary School, Kirkby Overblow",62,Xne,24,11
2023,68,Aspin Angels,44,Xe,24,13
2023,69,Scared Sheetless,32,Me,24,31
2023,70,Meadowside Malingers,49,Xe,24,37
2023,71,Menwith Hill,72,Xe,24,38
2023,72,Juggernauts,67,Xe,25,16
2023,73,Taylors,87,Xe,25,22
2023,74,Live For Today,61,Xe,25,36
2023,75,North Yorkshire Horizons,96,Xe,26,2
2023,76,Northern Monk,85,Xe,26,3
2023,77,MOGS,90,Fe,26,5
2023,78,RHS Harlow Carr,88,Xe,26,15
2023,79,Bedder Late Than Never,57,Xe,26,27
2023,80,Switalskis,92,Fne,26,35
2023,81,Ain’t nothing but a work crew,64,Me,26,57
2023,82,HOPS,59,Xe,27,1
2023,83,The Hookstone Chasers,80,Xne,27,3
2023,84,Armed Forces Fitness (AFF),78,Xe,27,4
2023,85,The Lightfoot Light Feet,56,Xe,27,22
2024,1,GH Brooks Men,1,Mf,13,2
2024,2,Knaresborough Striders Men's Team,3,Mfc,13,27
2024,3,Nidd Valley Men's,2,Mfc,13,44
2024,4,Harrogate Harriers Grumpy Old Folk,8,Mfc,15,3
2024,5,The Half Moon Pub,4,Mf,15,15
2024,6,Welly Wheelers,6,Mf,15,50
2024,7,Parkrunners,10,Xf,16,1
2024,8,Riverside Runners,7,Mf,16,2
2024,9,Raworths Solicitors,22,Mf,16,35
2024,10,Harrogate Harriers Harmony Energy Run Harrogate 10k,9,Xfc,16,37
2024,11,Crag Rats,5,Mf,16,38
2024,12,St John Fisher's Catholic High School,18,Mf,16,42
2024,13,Ripon Runners Ladies,28,Ffc,16,48
2024,14,Knaresborough RUFC,13,Mf,16,55
2024,15,Guardian Alarms,14,Mf,16,56
2024,16,Scotton Scorchers,23,Mf,17,1
2024,17,Wetherby Runners,11,Xfc,17,30
2024,18,Knaresborough Striders Ladies,34,Ffc,17,37
2024,19,The Night Caps,19,Mf,17,44
2024,20,Envirovent,30,Mf,17,52
2024,21,Hymas Hobblers (Old Guys!),16,Mfc,17,53
2024,22,Monkton Meanderers,27,Xf,18,1
2024,23,Welly Wheelies,31,Ff,18,6
2024,24,HG Consulting Engineers,46,Mne,18,18
2024,25,Consultio/ Consultius,15,Mf,18,25
2024,26,1st Knaresborough Scouts,35,Mf,18,43
2024,27,DOGS (Dads of Goldsborough School),24,Me,18,54
2024,28,Dazzling Bobbies,21,Xf,18,55
2024,29,The Rocket Men,37,Me,18,55
2024,30,Knaresborough St Johns Parents,51,Xe,19,0
2024,31,Ripon Runners All mixed up,29,Xfc,19,19
2024,32,FBC Harrogate,40,Xe,19,39
2024,33,Welly Wheelettes,43,Ff,19,42
2024,34,Aurora's Army,20,Mf,20,2
2024,35,Nidd Valley Ladies,33,Ffc,20,5
2024,36,The Groaning Grimbald Gazelles,25,Mne,20,15
2024,37,The Mount School,36,Fne,20,18
2024,38,HACS 01,38,Me,20,22
2024,39,Aspin PTA (Parents),53,Xe,20,25
2024,40,Piccadilly Players,41,Me,20,29
2024,41,Menwith Hill,44,Me,20,29
2024,42,Aspin Avengers,48,Xe,20,42
2024,43,Nidd Valley Junior Mixed Team,17,Xjfc,20,49
2024,44,Knaresborough Revolution,42,Me,21,2
2024,45,Saint Michael's Hospice,56,Xe,21,12
2024,46,Birstwith Bashers,66,Xe,21,12
2024,47,Tewit Youth Band,61,Xe,21,29
2024,48,Piccadilly Plodders,49,Xe,22,11
2024,49,EBRC Knaresborough,45,Xec,22,16
2024,50,Fountains Abbey and Brimham Rocks,59,Xe,22,30
2024,51,DMfitness,47,Xe,22,33
2024,52,Knaresborough St Johns Teachers,52,Xe,22,34
2024,53,Harrogate Roundtable,63,Me,23,16
2024,54,Harrogate Symphony Orchestra,64,Xe,23,19
2024,55,Scrambled Legs,60,Me,23,57
2024,56,HACS 02,39,Me,23,57
2024,57,Midlife Crisis,65,Me,24,11
2024,58,Knaresborough Silver Band,55,Xe,24,14
2024,59,"All Saints C of E Primary School, Kirkby Overblow",70,Xe,24,23
2024,60,Meadowside Masters,68,Xe,24,33
2024,61,1st Scriven Scout Group,50,Xje,25,9
2024,62,Knaresborough Air Cadets,67,Xf,25,17
2024,63,Flaxby Flyers,58,Me,25,20
2024,64,Aspin PTA (Staff),54,Xe,25,29
2024,65,North Yorkshire Horizons,74,Xe,25,49
2024,66,The Hatchlings,81,Xe,26,31
2024,67,Welly Warriors,62,Xf,26,51
2024,68,Once more into the fray,75,Me,27,7
2024,69,Switalskis Solicitors,78,Xe,27,13
2024,70,Taylors of Harrogate,72,Xe,27,28
2024,71,GT Flyers,57,Mne,27,43
2024,72,Horsforth St Margaret's Primary School,86,Fne,28,24
2024,73,Nidd Valley Mixed Number 2,32,Xec,28,26
2024,74,MOGS (Mums of Goldsborough School),77,Fe,28,37
2024,75,Armed Forces Fitness,76,Me,28,38
2024,76,Fontus,83,Xe,29,52
2024,77,Manor preschool,82,Xe,29,53
2024,78,Evolve Psychology,90,Fe,30,8
2024,79,Meadowside Mavericks,69,Xe,30,17
2024,80,New Park Pacers,87,Fe,31,8
2024,81,Titanators (Titan Private Wealth Ltd),73,Xne,31,46
2024,82,HOPS,79,Xe,31,58
2024,83,Hard Caw Warriors #1,84,Xne,33,18
2024,84,Twisted Blisters,88,Fe,33,27
2024,85,Where there's a wheel there's a way,89,Fe,34,38
2024,86,Innovate Fitness & Wellbeing,85,Fne,34,51
2024,87,Stray Runners,80,Xe,35,5
2024,88,Henchshaws,26,Xe,36,46
2024,89,Headingley Sports Club,12,Mnf,37,17
2024,90,The Knaresborough Inn,71,Xne,None,None
